Blower Speed (X1) ,Humidity in Chamber(%) (X2),"Grow Lights Wattage, blue and red combination (X3)",Volume of 5% KMnO4 solution (X4),Rotten percentage * 100(%)
380,75.4,10,320,0.34664
400,77.5,12,340,0.33655
430,80.6,14,360,0.31335
450,82.7,16,380,0.28622
480,82.8,18,400,0.25335
510,85.4,20,420,0.24615
530,86.9,22,440,0.25835
545,88.5,24,460,0.27554
580,90.4,26,480,0.29826
595,92.76,28,500,0.31225
615,94.45,30,520,0.31286
650,98.65,30,540,0.31339
